Datetime,USGS_flow
2014-01-01,
2014-01-02,
2014-01-03,
2014-01-04,
2014-01-05,
2014-01-06,
2014-01-07,
2014-01-08,
2014-01-09,
2014-01-10,
2014-01-11,
2014-01-12,
2014-01-13,
2014-01-14,
2014-01-15,
2014-01-16,
2014-01-17,
2014-01-18,
2014-01-19,
2014-01-20,
2014-01-21,
2014-01-22,
2014-01-23,
2014-01-24,
2014-01-25,
2014-01-26,
2014-01-27,
2014-01-28,
2014-01-29,
2014-01-30,
2014-01-31,
2014-02-01,
2014-02-02,
2014-02-03,
2014-02-04,
2014-02-05,
2014-02-06,
2014-02-07,
2014-02-08,
2014-02-09,
2014-02-10,
2014-02-11,
2014-02-12,
2014-02-13,
2014-02-14,
2014-02-15,
2014-02-16,
2014-02-17,
2014-02-18,
2014-02-19,
2014-02-20,
2014-02-21,
2014-02-22,
2014-02-23,33.116177
2014-02-24,33.943752
2014-02-25,33.423958
2014-02-26,34.402084
2014-02-27,32.975
2014-02-28,36.23125
2014-03-01,34.416668
2014-03-02,34.89896
2014-03-03,36.491665
2014-03-04,35.43021
2014-03-05,37.067856
2014-03-06,
2014-03-07,35.72353
2014-03-08,37.160713
2014-03-09,
2014-03-10,
2014-03-11,
2014-03-12,
2014-03-13,
2014-03-14,
2014-03-15,
2014-03-16,
2014-03-17,32.148613
2014-03-18,32.360416
2014-03-19,39.220833
2014-03-20,
2014-03-21,
2014-03-22,
2014-03-23,
2014-03-24,
2014-03-25,
2014-03-26,40.77639
2014-03-27,41.06875
2014-03-28,39.083332
2014-03-29,37.767708
2014-03-30,44.13125
2014-03-31,37.797916
2014-04-01,42.84271
2014-04-02,36.66354
2014-04-03,42.264584
2014-04-04,38.296875
2014-04-05,40.240623
2014-04-06,38.540627
2014-04-07,36.3375
2014-04-08,41.97604
2014-04-09,57.502083
2014-04-10,73.979164
2014-04-11,87.45937
2014-04-12,117.79271
2014-04-13,123.052086
2014-04-14,92.438545
2014-04-15,90.373955
2014-04-16,96.25
2014-04-17,94.15417
2014-04-18,128.04167
2014-04-19,155.69792
2014-04-20,188.32292
2014-04-21,238.63542
2014-04-22,309.3021
2014-04-23,389.8229
2014-04-24,283.8125
2014-04-25,294.6354
2014-04-26,319.59375
2014-04-27,252.09375
2014-04-28,215.125
2014-04-29,179.25
2014-04-30,179.9375
2014-05-01,175.89583
2014-05-02,230.22917
2014-05-03,349.03125
2014-05-04,523.125
2014-05-05,648.7083
2014-05-06,702.51044
2014-05-07,624.11456
2014-05-08,488.3125
2014-05-09,410.89584
2014-05-10,361.15625
2014-05-11,323.46875
2014-05-12,277.8646
2014-05-13,264.2396
2014-05-14,273.33334
2014-05-15,311.33334
2014-05-16,457.8854
2014-05-17,549.3333
2014-05-18,795.8958
2014-05-19,960.3333
2014-05-20,873.19794
2014-05-21,940.3333
2014-05-22,905.0208
2014-05-23,980.80206
2014-05-24,920.03125
2014-05-25,941.61456
2014-05-26,1126.6459
2014-05-27,1280.2084
2014-05-28,1445.7291
2014-05-29,1483.125
2014-05-30,1455.4166
2014-05-31,1312.8125
2014-06-01,1211.25
2014-06-02,1125.3125
2014-06-03,1131.5
2014-06-04,1131.4479
2014-06-05,933.9167
2014-06-06,931.2292
2014-06-07,831.09375
2014-06-08,822.3542
2014-06-09,678.48956
2014-06-10,670.11456
2014-06-11,669.5833
2014-06-12,637.5
2014-06-13,613.17706
2014-06-14,601.3542
2014-06-15,532.4167
2014-06-16,451.3125
2014-06-17,402.28125
2014-06-18,391.4479
2014-06-19,357.47916
2014-06-20,304.59375
2014-06-21,298.97916
2014-06-22,306.10416
2014-06-23,294.39584
2014-06-24,288.03125
2014-06-25,290.27084
2014-06-26,292.90625
2014-06-27,331.875
2014-06-28,310.2396
2014-06-29,266.27084
2014-06-30,248.625
2014-07-01,238.20833
2014-07-02,229.96875
2014-07-03,216.875
2014-07-04,212.41667
2014-07-05,197.77083
2014-07-06,190.25
2014-07-07,183.21875
2014-07-08,172.07292
2014-07-09,161.3125
2014-07-10,164.34375
2014-07-11,391.29166
2014-07-12,351.60416
2014-07-13,268.89584
2014-07-14,236.08333
2014-07-15,222.89583
2014-07-16,206.46875
2014-07-17,198.57292
2014-07-18,224.77083
2014-07-19,210.625
2014-07-20,176.01042
2014-07-21,168.8125
2014-07-22,159.21875
2014-07-23,163.125
2014-07-24,160.09375
2014-07-25,157.16667
2014-07-26,143.53125
2014-07-27,139.5625
2014-07-28,140.21875
2014-07-29,120.854164
2014-07-30,156.5625
2014-07-31,145.04167
2014-08-01,115.21875
2014-08-02,105.5
2014-08-03,100.66667
2014-08-04,100.0
2014-08-05,106.041664
2014-08-06,115.96875
2014-08-07,104.67812
2014-08-08,100.441666
2014-08-09,96.89166
2014-08-10,94.0375
2014-08-11,96.58437
2014-08-12,95.73125
2014-08-13,84.31979
2014-08-14,81.32396
2014-08-15,78.8875
2014-08-16,71.9625
2014-08-17,69.17084
2014-08-18,68.23229
2014-08-19,71.328125
2014-08-20,126.45208
2014-08-21,108.41146
2014-08-22,86.24271
2014-08-23,166.22395
2014-08-24,167.38542
2014-08-25,184.36458
2014-08-26,199.78125
2014-08-27,185.5625
2014-08-28,211.34375
2014-08-29,170.15625
2014-08-30,149.73958
2014-08-31,141.71875
2014-09-01,127.166664
2014-09-02,115.291664
2014-09-03,105.29792
2014-09-04,95.40312
2014-09-05,92.041664
2014-09-06,90.8125
2014-09-07,89.291664
2014-09-08,84.81562
2014-09-09,165.30833
2014-09-10,222.98958
2014-09-11,135.83333
2014-09-12,115.635414
2014-09-13,108.229164
2014-09-14,100.84583
2014-09-15,97.37187
2014-09-16,91.479164
2014-09-17,86.979164
2014-09-18,95.69271
2014-09-19,86.916664
2014-09-20,83.30521
2014-09-21,80.10833
2014-09-22,102.45417
2014-09-23,95.22708
2014-09-24,82.9125
2014-09-25,77.4
2014-09-26,73.425
2014-09-27,79.57604
2014-09-28,679.82294
2014-09-29,563.2292
2014-09-30,358.5
2014-10-01,315.70834
2014-10-02,266.33334
2014-10-03,235.51042
2014-10-04,215.59375
2014-10-05,198.4375
2014-10-06,188.28125
2014-10-07,175.51042
2014-10-08,165.4375
2014-10-09,158.78125
2014-10-10,151.45833
2014-10-11,145.03125
2014-10-12,145.25
2014-10-13,149.65625
2014-10-14,149.97917
2014-10-15,144.96875
2014-10-16,135.375
2014-10-17,127.166664
2014-10-18,122.15625
2014-10-19,115.270836
2014-10-20,111.916664
2014-10-21,110.364586
2014-10-22,113.447914
2014-10-23,104.5
2014-10-24,101.77292
2014-10-25,96.5625
2014-10-26,101.09062
2014-10-27,105.43854
2014-10-28,88.25625
2014-10-29,90.19583
2014-10-30,90.061455
2014-10-31,87.291664
2014-11-01,84.7875
2014-11-02,95.86041
2014-11-03,90.53333
2014-11-04,67.76458
2014-11-05,94.95625
2014-11-06,87.89375
2014-11-07,88.566666
2014-11-08,80.65417
2014-11-09,79.93854
2014-11-10,88.40104
2014-11-11,62.965626
2014-11-12,64.38333
2014-11-13,49.35
2014-11-14,83.68854
2014-11-15,76.55625
2014-11-16,64.79896
2014-11-17,67.41771
2014-11-18,76.21875
2014-11-19,71.85625
2014-11-20,70.6875
2014-11-21,67.842705
2014-11-22,67.64792
2014-11-23,64.38646
2014-11-24,64.28333
2014-11-25,64.40937
2014-11-26,65.08125
2014-11-27,60.7
2014-11-28,59.833332
2014-11-29,57.88646
2014-11-30,56.54375
2014-12-01,57.60625
2014-12-02,55.620834
2014-12-03,59.646873
2014-12-04,62.783333
2014-12-05,62.433334
2014-12-06,61.61667
2014-12-07,56.653126
2014-12-08,54.58229
2014-12-09,62.095833
2014-12-10,59.609375
2014-12-11,58.765625
2014-12-12,62.566666
2014-12-13,58.0
2014-12-14,57.975
2014-12-15,60.728573
2014-12-16,
2014-12-17,
2014-12-18,
2014-12-19,
2014-12-20,57.705883
2014-12-21,55.934376
2014-12-22,54.70625
2014-12-23,52.21771
2014-12-24,54.350002
2014-12-25,
2014-12-26,
2014-12-27,
2014-12-28,
2014-12-29,
2014-12-30,
2014-12-31,
2015-01-01,
2015-01-02,
2015-01-03,
2015-01-04,
2015-01-05,
2015-01-06,
2015-01-07,
2015-01-08,
2015-01-09,
2015-01-10,
2015-01-11,
2015-01-12,
2015-01-13,
2015-01-14,
2015-01-15,
2015-01-16,
2015-01-17,
2015-01-18,
2015-01-19,
2015-01-20,
2015-01-21,
2015-01-22,
2015-01-23,
2015-01-24,
2015-01-25,
2015-01-26,
2015-01-27,
2015-01-28,
2015-01-29,
2015-01-30,
2015-01-31,
2015-02-01,
2015-02-02,
2015-02-03,
2015-02-04,
2015-02-05,
2015-02-06,
2015-02-07,48.72059
2015-02-08,49.455208
2015-02-09,46.88646
2015-02-10,49.756252
2015-02-11,42.427082
2015-02-12,50.39375
2015-02-13,48.642708
2015-02-14,53.661457
2015-02-15,54.55625
2015-02-16,43.442707
2015-02-17,63.364285
2015-02-18,
2015-02-19,
2015-02-20,
2015-02-21,
2015-02-22,
2015-02-23,
2015-02-24,
2015-02-25,
2015-02-26,
2015-02-27,
2015-02-28,
2015-03-01,
2015-03-02,
2015-03-03,50.4
2015-03-04,49.040627
2015-03-05,48.236458
2015-03-06,47.857292
2015-03-07,47.482292
2015-03-08,48.5375
2015-03-09,44.54271
2015-03-10,46.30521
2015-03-11,49.94375
2015-03-12,51.222916
2015-03-13,46.74271
2015-03-14,50.291668
2015-03-15,58.81354
2015-03-16,70.063545
2015-03-17,80.7375
2015-03-18,91.4375
2015-03-19,90.91354
2015-03-20,85.725
2015-03-21,99.498955
2015-03-22,104.469795
2015-03-23,101.83333
2015-03-24,87.145836
2015-03-25,90.56875
2015-03-26,77.45937
2015-03-27,98.097916
2015-03-28,116.39375
2015-03-29,135.68437
2015-03-30,146.93333
2015-03-31,167.20833
2015-04-01,181.86458
2015-04-02,151.44792
2015-04-03,126.40625
2015-04-04,132.89688
2015-04-05,132.70312
2015-04-06,127.88646
2015-04-07,117.010414
2015-04-08,107.03958
2015-04-09,103.21042
2015-04-10,101.50625
2015-04-11,106.53854
2015-04-12,116.5625
2015-04-13,107.64479
2015-04-14,130.73958
2015-04-15,133.77083
2015-04-16,122.78125
2015-04-17,116.72708
2015-04-18,115.84583
2015-04-19,125.25
2015-04-20,122.6875
2015-04-21,139.11458
2015-04-22,150.625
2015-04-23,157.71875
2015-04-24,167.375
2015-04-25,179.5
2015-04-26,175.25
2015-04-27,154.69792
2015-04-28,166.98958
2015-04-29,228.66667
2015-04-30,321.2396
2015-05-01,390.9375
2015-05-02,401.35416
2015-05-03,492.45834
2015-05-04,497.8125
2015-05-05,476.6875
2015-05-06,530.32294
2015-05-07,526.1458
2015-05-08,430.28125
2015-05-09,378.6146
2015-05-10,342.21875
2015-05-11,299.28125
2015-05-12,301.9896
2015-05-13,304.1146
2015-05-14,314.79166
2015-05-15,319.5
2015-05-16,309.08334
2015-05-17,300.79166
2015-05-18,328.9479
2015-05-19,307.6146
2015-05-20,303.8646
2015-05-21,313.2396
2015-05-22,316.95834
2015-05-23,296.70834
2015-05-24,280.8125
2015-05-25,324.97916
2015-05-26,363.35416
2015-05-27,353.1979
2015-05-28,495.3646
2015-05-29,475.59375
2015-05-30,452.53125
2015-05-31,617.3333
2015-06-01,849.73956
2015-06-02,936.53125
2015-06-03,908.1875
2015-06-04,794.59375
2015-06-05,775.86456
2015-06-06,740.36456
2015-06-07,756.1042
2015-06-08,699.01044
2015-06-09,743.98956
2015-06-10,733.86456
2015-06-11,897.0208
2015-06-12,830.23956
2015-06-13,770.3542
2015-06-14,744.51044
2015-06-15,687.4375
2015-06-16,768.03125
2015-06-17,710.96875
2015-06-18,627.8333
2015-06-19,562.8542
2015-06-20,490.6979
2015-06-21,402.125
2015-06-22,361.6771
2015-06-23,329.83334
2015-06-24,298.0729
2015-06-25,269.95834
2015-06-26,248.28125
2015-06-27,229.57292
2015-06-28,220.88542
2015-06-29,200.0625
2015-06-30,195.05208
2015-07-01,182.0625
2015-07-02,167.29167
2015-07-03,194.41667
2015-07-04,195.59375
2015-07-05,212.95833
2015-07-06,214.22917
2015-07-07,194.5625
2015-07-08,214.57292
2015-07-09,234.21875
2015-07-10,255.60417
2015-07-11,222.07292
2015-07-12,160.52083
2015-07-13,131.34375
2015-07-14,117.979164
2015-07-15,117.020836
2015-07-16,129.60417
2015-07-17,121.041664
2015-07-18,119.166664
2015-07-19,114.770836
2015-07-20,107.916664
2015-07-21,114.0625
2015-07-22,150.03125
2015-07-23,126.354164
2015-07-24,105.01146
2015-07-25,95.9125
2015-07-26,90.2
2015-07-27,85.177086
2015-07-28,82.68021
2015-07-29,81.015625
2015-07-30,77.95937
2015-07-31,74.52396
2015-08-01,72.73646
2015-08-02,70.87292
2015-08-03,79.19688
2015-08-04,114.45729
2015-08-05,83.30937
2015-08-06,74.35834
2015-08-07,73.924995
2015-08-08,126.828125
2015-08-09,105.90833
2015-08-10,89.10729
2015-08-11,81.61771
2015-08-12,78.73125
2015-08-13,88.86562
2015-08-14,80.16563
2015-08-15,75.47708
2015-08-16,70.62187
2015-08-17,67.96667
2015-08-18,62.089584
2015-08-19,64.61562
2015-08-20,66.49062
2015-08-21,64.92812
2015-08-22,64.46562
2015-08-23,63.390625
2015-08-24,62.802082
2015-08-25,61.85625
2015-08-26,69.4427
2015-08-27,75.48333
2015-08-28,80.34271
2015-08-29,80.90937
2015-08-30,78.2
2015-08-31,76.80521
2015-09-01,74.63646
2015-09-02,72.23333
2015-09-03,70.20416
2015-09-04,67.89687
2015-09-05,68.484375
2015-09-06,69.14583
2015-09-07,67.17812
2015-09-08,65.77187
2015-09-09,65.88125
2015-09-10,65.83437
2015-09-11,67.9125
2015-09-12,68.39166
2015-09-13,68.17812
2015-09-14,65.67812
2015-09-15,70.13854
2015-09-16,107.5125
2015-09-17,107.89375
2015-09-18,100.56563
2015-09-19,81.32916
2015-09-20,72.37187
2015-09-21,69.066666
2015-09-22,67.27187
2015-09-23,65.6
2015-09-24,64.56875
2015-09-25,64.05104
2015-09-26,62.7
2015-09-27,60.880207
2015-09-28,60.033333
2015-09-29,56.297916
2015-09-30,50.87396
2015-10-01,50.846878
2015-10-02,49.93646
2015-10-03,57.227085
2015-10-04,66.7875
2015-10-05,59.572918
2015-10-06,56.351044
2015-10-07,54.390625
2015-10-08,52.133335
2015-10-09,50.771877
2015-10-10,49.8375
2015-10-11,49.159374
2015-10-12,47.96771
2015-10-13,46.8
2015-10-14,46.7125
2015-10-15,46.7
2015-10-16,46.7
2015-10-17,46.984375
2015-10-18,47.83125
2015-10-19,62.170834
2015-10-20,74.936455
2015-10-21,63.279167
2015-10-22,58.70625
2015-10-23,58.38646
2015-10-24,54.755207
2015-10-25,53.08125
2015-10-26,51.740627
2015-10-27,51.320835
2015-10-28,47.264584
2015-10-29,51.790627
2015-10-30,55.40625
2015-10-31,55.525
2015-11-01,54.76979
2015-11-02,52.675
2015-11-03,51.2125
2015-11-04,49.828125
2015-11-05,48.591667
2015-11-06,46.36354
2015-11-07,38.470833
2015-11-08,49.335415
2015-11-09,52.960415
2015-11-10,51.715626
2015-11-11,46.37396
2015-11-12,43.890625
2015-11-13,48.84271
2015-11-14,54.375
2015-11-15,45.539585
2015-11-16,52.860416
2015-11-17,44.072918
2015-11-18,50.21979
2015-11-19,48.975002
2015-11-20,49.965626
2015-11-21,40.6
2015-11-22,
2015-11-23,
2015-11-24,
2015-11-25,
2015-11-26,
2015-11-27,
2015-11-28,
2015-11-29,
2015-11-30,
2015-12-01,
2015-12-02,
2015-12-03,
2015-12-04,
2015-12-05,
2015-12-06,
2015-12-07,
2015-12-08,
2015-12-09,
2015-12-10,
2015-12-11,
2015-12-12,
2015-12-13,
2015-12-14,
2015-12-15,
2015-12-16,
2015-12-17,
2015-12-18,
2015-12-19,
2015-12-20,
2015-12-21,
2015-12-22,
2015-12-23,
2015-12-24,
2015-12-25,
2015-12-26,
2015-12-27,
2015-12-28,
2015-12-29,
2015-12-30,
2015-12-31,
2016-01-01,
2016-01-02,
2016-01-03,
2016-01-04,
2016-01-05,
2016-01-06,
2016-01-07,
2016-01-08,
2016-01-09,
2016-01-10,
2016-01-11,
2016-01-12,
2016-01-13,
2016-01-14,
2016-01-15,
2016-01-16,
2016-01-17,
2016-01-18,
2016-01-19,
2016-01-20,
2016-01-21,
2016-01-22,
2016-01-23,
2016-01-24,
2016-01-25,
2016-01-26,
2016-01-27,
2016-01-28,
2016-01-29,
2016-01-30,
2016-01-31,
2016-02-01,
2016-02-02,
2016-02-03,
2016-02-04,
2016-02-05,
2016-02-06,
2016-02-07,
2016-02-08,
2016-02-09,
2016-02-10,
2016-02-11,
2016-02-12,
2016-02-13,31.544119
2016-02-14,33.214584
2016-02-15,33.677082
2016-02-16,32.34375
2016-02-17,30.779167
2016-02-18,33.767708
2016-02-19,28.0875
2016-02-20,35.228123
2016-02-21,31.532291
2016-02-22,33.810417
2016-02-23,35.485416
2016-02-24,33.1
2016-02-25,
2016-02-26,
2016-02-27,
2016-02-28,
2016-02-29,34.830883
2016-03-01,30.7625
2016-03-02,35.640625
2016-03-03,27.7375
2016-03-04,37.171875
2016-03-05,34.870834
2016-03-06,35.970833
2016-03-07,37.154167
2016-03-08,27.822916
2016-03-09,36.861458
2016-03-10,32.76146
2016-03-11,40.829166
2016-03-12,37.889584
2016-03-13,37.15521
2016-03-14,39.495834
2016-03-15,31.795834
2016-03-16,38.520832
2016-03-17,38.583332
2016-03-18,32.05
2016-03-19,32.239582
2016-03-20,36.93646
2016-03-21,45.83229
2016-03-22,45.178123
2016-03-23,37.192707
2016-03-24,37.617706
2016-03-25,42.36875
2016-03-26,28.142292
2016-03-27,39.646873
2016-03-28,42.058334
2016-03-29,39.610416
2016-03-30,34.915627
2016-03-31,38.807293
2016-04-01,35.91458
2016-04-02,37.661457
2016-04-03,44.210415
2016-04-04,47.089584
2016-04-05,53.951042
2016-04-06,43.777084
2016-04-07,59.00833
2016-04-08,71.9125
2016-04-09,85.52292
2016-04-10,105.083336
2016-04-11,109.38854
2016-04-12,110.86875
2016-04-13,129.4375
2016-04-14,159.33333
2016-04-15,132.58646
2016-04-16,123.666664
2016-04-17,106.714584
2016-04-18,97.9125
2016-04-19,102.160416
2016-04-20,98.43437
2016-04-21,124.71875
2016-04-22,166.60417
2016-04-23,255.875
2016-04-24,200.0625
2016-04-25,168.64583
2016-04-26,151.3125
2016-04-27,140.36458
2016-04-28,138.59375
2016-04-29,125.010414
2016-04-30,112.50208
2016-05-01,109.45937
2016-05-02,112.895836
2016-05-03,139.05208
2016-05-04,190.0625
2016-05-05,292.27084
2016-05-06,477.16666
2016-05-07,571.28125
2016-05-08,445.0521
2016-05-09,530.8542
2016-05-10,635.96875
2016-05-11,414.5729
2016-05-12,391.85416
2016-05-13,490.2396
2016-05-14,662.5417
2016-05-15,907.0833
2016-05-16,970.40625
2016-05-17,722.6042
2016-05-18,670.9167
2016-05-19,693.9583
2016-05-20,873.88544
2016-05-21,1140.1146
2016-05-22,860.48956
2016-05-23,653.40625
2016-05-24,574.2292
2016-05-25,540.0417
2016-05-26,534.1042
2016-05-27,498.5521
2016-05-28,524.7917
2016-05-29,596.1458
2016-05-30,688.30206
2016-05-31,892.6458
2016-06-01,939.8958
2016-06-02,1104.1875
2016-06-03,1158.0416
2016-06-04,1401.875
2016-06-05,1564.6875
2016-06-06,1678.0209
2016-06-07,1759.5834
2016-06-08,1806.875
2016-06-09,1814.5834
2016-06-10,1770.1041
2016-06-11,1431.0416
2016-06-12,1406.25
2016-06-13,1323.5416
2016-06-14,1168.5416
2016-06-15,1068.0938
2016-06-16,1082.0104
2016-06-17,1002.75
2016-06-18,953.4583
2016-06-19,850.69794
2016-06-20,770.76044
2016-06-21,765.01044
2016-06-22,738.78125
2016-06-23,661.07294
2016-06-24,628.625
2016-06-25,555.5208
2016-06-26,425.70834
2016-06-27,365.34375
2016-06-28,333.04166
2016-06-29,314.08334
2016-06-30,325.20834
2016-07-01,308.46875
2016-07-02,282.6146
2016-07-03,250.76042
2016-07-04,240.90625
2016-07-05,216.5
2016-07-06,199.21875
2016-07-07,186.13542
2016-07-08,174.86458
2016-07-09,159.44792
2016-07-10,157.79167
2016-07-11,167.4375
2016-07-12,228.1875
2016-07-13,220.6875
2016-07-14,213.5625
2016-07-15,205.625
2016-07-16,199.0
2016-07-17,190.65625
2016-07-18,186.78125
2016-07-19,115.22396
2016-07-20,113.479164
2016-07-21,120.145836
2016-07-22,118.729164
2016-07-23,116.291664
2016-07-24,108.083336
2016-07-25,104.75
2016-07-26,104.375
2016-07-27,100.93958
2016-07-28,95.23854
2016-07-29,91.67708
2016-07-30,89.35
2016-07-31,91.54479
2016-08-01,86.425
2016-08-02,84.37396
2016-08-03,82.20209
2016-08-04,79.3875
2016-08-05,77.48021
2016-08-06,81.546875
2016-08-07,79.864586
2016-08-08,88.14687
2016-08-09,91.17291
2016-08-10,86.537506
2016-08-11,90.01667
2016-08-12,91.16875
2016-08-13,87.00625
2016-08-14,83.60729
2016-08-15,81.847916
2016-08-16,82.39687
2016-08-17,79.864586
2016-08-18,83.885414
2016-08-19,85.421875
2016-08-20,83.70521
2016-08-21,79.72813
2016-08-22,76.546875
2016-08-23,75.28021
2016-08-24,74.71042
2016-08-25,69.27292
2016-08-26,69.260414
2016-08-27,68.54063
2016-08-28,66.92812
2016-08-29,65.00729
2016-08-30,64.60104
2016-08-31,62.875
2016-09-01,57.375
2016-09-02,51.17604
2016-09-03,51.81146
2016-09-04,53.276043
2016-09-05,53.541668
2016-09-06,50.454166
2016-09-07,47.801044
2016-09-08,46.2625
2016-09-09,46.475002
2016-09-10,46.425
2016-09-11,45.675
2016-09-12,44.7875
2016-09-13,44.5625
2016-09-14,68.458336
2016-09-15,72.30417
2016-09-16,59.08646
2016-09-17,54.628124
2016-09-18,51.375
2016-09-19,49.088543
2016-09-20,45.3125
2016-09-21,44.4875
2016-09-22,48.942707
2016-09-23,143.92604
2016-09-24,119.614586
2016-09-25,99.51458
2016-09-26,106.6375
2016-09-27,118.203125
2016-09-28,120.052086
2016-09-29,120.541664
2016-09-30,124.71875
2016-10-01,119.666664
2016-10-02,113.520836
2016-10-03,118.6875
2016-10-04,119.15625
2016-10-05,110.895836
2016-10-06,104.13021
2016-10-07,99.95625
2016-10-08,97.79479
2016-10-09,90.70104
2016-10-10,86.475
2016-10-11,84.6
2016-10-12,81.70417
2016-10-13,77.5625
2016-10-14,74.28646
2016-10-15,71.15
2016-10-16,69.5
2016-10-17,77.55937
2016-10-18,82.23646
2016-10-19,77.58021
2016-10-20,66.31042
2016-10-21,75.86771
2016-10-22,75.10833
2016-10-23,72.45521
2016-10-24,72.3375
2016-10-25,110.479164
2016-10-26,93.81875
2016-10-27,83.63021
2016-10-28,78.53645
2016-10-29,97.02917
2016-10-30,96.589584
2016-10-31,115.35
2016-11-01,126.895836
2016-11-02,108.5875
2016-11-03,93.59062
2016-11-04,91.489586
2016-11-05,91.58229
2016-11-06,86.68125
2016-11-07,83.13333
2016-11-08,78.748955
2016-11-09,77.31458
2016-11-10,75.10521
2016-11-11,73.77604
2016-11-12,71.416664
2016-11-13,71.333336
2016-11-14,68.10313
2016-11-15,66.42604
2016-11-16,67.15313
2016-11-17,62.803127
2016-11-18,53.05521
2016-11-19,72.33542
2016-11-20,70.61146
2016-11-21,69.870834
2016-11-22,70.28958
2016-11-23,53.91875
2016-11-24,65.63854
2016-11-25,59.76146
2016-11-26,62.486458
2016-11-27,65.08125
2016-11-28,62.421875
2016-11-29,59.777084
2016-11-30,61.45
2016-12-01,55.85
2016-12-02,54.9
2016-12-03,55.5
2016-12-04,57.699997
2016-12-05,53.699997
2016-12-06,48.45
2016-12-07,47.1
2016-12-08,45.2
2016-12-09,50.0
2016-12-10,53.25
2016-12-11,53.050003
2016-12-12,52.05
2016-12-13,52.55
2016-12-14,59.4
2016-12-15,67.0
2016-12-16,64.4
2016-12-17,53.85
2016-12-18,43.1
2016-12-19,53.65
2016-12-20,65.65
2016-12-21,58.05
2016-12-22,52.9
2016-12-23,53.3
2016-12-24,52.95
2016-12-25,49.25
2016-12-26,47.199997
2016-12-27,47.199997
2016-12-28,48.35
2016-12-29,47.4
2016-12-30,47.8
2016-12-31,48.4
2017-01-01,47.85
2017-01-02,47.05
2017-01-03,46.9
2017-01-04,47.65
2017-01-05,46.050003
2017-01-06,44.7
2017-01-07,43.85
2017-01-08,44.25
2017-01-09,45.1
2017-01-10,45.95
2017-01-11,45.65
2017-01-12,44.85
2017-01-13,44.85
2017-01-14,44.95
2017-01-15,44.5
2017-01-16,44.7
2017-01-17,44.7
2017-01-18,44.9
2017-01-19,45.65
2017-01-20,46.050003
2017-01-21,45.85
2017-01-22,45.35
2017-01-23,45.35
2017-01-24,46.25
2017-01-25,46.4
2017-01-26,44.95
2017-01-27,43.85
2017-01-28,43.0
2017-01-29,42.5
2017-01-30,42.4
2017-01-31,42.4
2017-02-01,42.4
2017-02-02,42.4
2017-02-03,42.65
2017-02-04,42.9
2017-02-05,43.0
2017-02-06,43.4
2017-02-07,44.6
2017-02-08,47.65
2017-02-09,51.55
2017-02-10,51.6
2017-02-11,47.05
2017-02-12,44.199997
2017-02-13,47.75
2017-02-14,47.8
2017-02-15,52.35
2017-02-16,55.6
2017-02-17,57.2
2017-02-18,58.5
2017-02-19,58.050003
2017-02-20,55.6
2017-02-21,60.85
2017-02-22,58.300003
2017-02-23,53.4
2017-02-24,48.85
2017-02-25,46.15
2017-02-26,45.55
2017-02-27,45.4
2017-02-28,40.1
2017-03-01,42.1
2017-03-02,42.5
2017-03-03,44.3
2017-03-04,49.300003
2017-03-05,53.95
2017-03-06,43.8
2017-03-07,45.95
2017-03-08,51.6
2017-03-09,53.7
2017-03-10,55.949997
2017-03-11,54.3
2017-03-12,57.494118
2017-03-13,54.007294
2017-03-14,63.756252
2017-03-15,70.31979
2017-03-16,83.99579
2017-03-17,91.780205
2017-03-18,107.85
2017-03-19,134.88542
2017-03-20,151.60417
2017-03-21,169.13542
2017-03-22,196.34375
2017-03-23,206.92708
2017-03-24,170.09375
2017-03-25,163.32292
2017-03-26,146.63542
2017-03-27,143.47917
2017-03-28,128.61458
2017-03-29,122.333336
2017-03-30,134.90625
2017-03-31,133.19792
2017-04-01,121.625
2017-04-02,129.83333
2017-04-03,120.51875
2017-04-04,110.97396
2017-04-05,102.751045
2017-04-06,117.30937
2017-04-07,125.46875
2017-04-08,168.09375
2017-04-09,159.54167
2017-04-10,126.08646
2017-04-11,141.47395
2017-04-12,138.78125
2017-04-13,178.42708
2017-04-14,263.6875
2017-04-15,259.25
2017-04-16,258.72916
2017-04-17,305.96875
2017-04-18,340.85416
2017-04-19,427.9479
2017-04-20,346.40625
2017-04-21,295.72916
2017-04-22,256.3021
2017-04-23,274.4479
2017-04-24,336.97916
2017-04-25,290.95834
2017-04-26,257.71875
2017-04-27,244.90625
2017-04-28,227.21875
2017-04-29,209.63542
2017-04-30,201.07292
2017-05-01,198.59375
2017-05-02,206.47917
2017-05-03,213.30208
2017-05-04,256.9896
2017-05-05,425.79166
2017-05-06,701.23956
2017-05-07,975.6458
2017-05-08,1157.5
2017-05-09,1149.2709
2017-05-10,1171.0416
2017-05-11,1282.8125
2017-05-12,1392.9166
2017-05-13,1728.8541
2017-05-14,1560.5209
2017-05-15,1306.4584
2017-05-16,1196.0416
2017-05-17,1102.2916
2017-05-18,863.4583
2017-05-19,731.92706
2017-05-20,640.2708
2017-05-21,579.19794
2017-05-22,568.57294
2017-05-23,626.17706
2017-05-24,893.92706
2017-05-25,1270.2709
2017-05-26,1114.5938
2017-05-27,895.75
2017-05-28,983.17706
2017-05-29,1196.2709
2017-05-30,1340.9375
2017-05-31,1519.8959
2017-06-01,1498.6459
2017-06-02,1806.3541
2017-06-03,2054.2708
2017-06-04,1973.2291
2017-06-05,1901.4584
2017-06-06,2044.1666
2017-06-07,1948.0209
2017-06-08,2001.7709
2017-06-09,1697.2916
2017-06-10,1742.9166
2017-06-11,1703.3334
2017-06-12,1507.0834
2017-06-13,1292.9166
2017-06-14,1040.9166
2017-06-15,1011.1667
2017-06-16,1073.0209
2017-06-17,1178.8541
2017-06-18,1119.2709
2017-06-19,1129.1979
2017-06-20,1073.8021
2017-06-21,1114.7084
2017-06-22,1077.8438
2017-06-23,983.5833
2017-06-24,861.6458
2017-06-25,772.7083
2017-06-26,702.0
2017-06-27,657.3333
2017-06-28,626.46875
2017-06-29,558.4583
2017-06-30,485.58334
2017-07-01,412.0104
2017-07-02,374.27084
2017-07-03,358.3229
2017-07-04,341.39584
2017-07-05,331.08334
2017-07-06,319.52084
2017-07-07,295.04166
2017-07-08,280.29166
2017-07-09,259.60416
2017-07-10,243.77083
2017-07-11,250.08333
2017-07-12,225.0625
2017-07-13,218.53125
2017-07-14,213.84375
2017-07-15,245.70833
2017-07-16,246.05208
2017-07-17,215.83333
2017-07-18,209.94792
2017-07-19,201.84375
2017-07-20,209.78125
2017-07-21,189.875
2017-07-22,187.375
2017-07-23,172.71875
2017-07-24,169.05208
2017-07-25,166.21875
2017-07-26,184.4375
2017-07-27,174.48958
2017-07-28,153.89583
2017-07-29,144.09375
2017-07-30,135.17708
2017-07-31,129.66667
2017-08-01,123.666664
2017-08-02,117.458336
2017-08-03,109.354164
2017-08-04,103.875
2017-08-05,100.93125
2017-08-06,95.3698
2017-08-07,94.31042
2017-08-08,119.114586
2017-08-09,151.61458
2017-08-10,130.3125
2017-08-11,110.333336
2017-08-12,103.645836
2017-08-13,96.79063
2017-08-14,94.26771
2017-08-15,92.93437
2017-08-16,92.28229
2017-08-17,85.94063
2017-08-18,80.29479
2017-08-19,76.572914
2017-08-20,76.36562
2017-08-21,75.844795
2017-08-22,81.80417
2017-08-23,88.75521
2017-08-24,91.70209
2017-08-25,83.32917
2017-08-26,80.31354
2017-08-27,77.17604
2017-08-28,73.88333
2017-08-29,77.06875
2017-08-30,79.4375
2017-08-31,117.52292
2017-09-01,107.808334
2017-09-02,91.84688
2017-09-03,85.67604
2017-09-04,81.76459
2017-09-05,79.34583
2017-09-06,154.76042
2017-09-07,171.21875
2017-09-08,169.4375
2017-09-09,151.52083
2017-09-10,104.375
2017-09-11,100.16458
2017-09-12,97.51771
2017-09-13,93.90625
2017-09-14,95.504166
2017-09-15,109.33437
2017-09-16,144.01042
2017-09-17,115.114586
2017-09-18,103.833336
2017-09-19,108.38261
2017-09-20,131.29167
2017-09-21,121.395836
2017-09-22,97.53579
2017-09-23,99.10645
2017-09-24,109.65435
2017-09-25,108.625
2017-09-26,104.947914
2017-09-27,111.02812
2017-09-28,118.125
2017-09-29,114.875
2017-09-30,124.28125
2017-10-01,133.19792
2017-10-02,121.614586
2017-10-03,100.390625
2017-10-04,115.208336
2017-10-05,100.652084
2017-10-06,97.71146
2017-10-07,93.27292
2017-10-08,100.79479
2017-10-09,98.01146
2017-10-10,92.92396
2017-10-11,102.36667
2017-10-12,93.322914
2017-10-13,84.22083
2017-10-14,88.99062
2017-10-15,76.93125
2017-10-16,92.66979
2017-10-17,86.99375
2017-10-18,85.47708
2017-10-19,82.683334
2017-10-20,82.41979
2017-10-21,79.77187
2017-10-22,80.61354
2017-10-23,83.14375
2017-10-24,75.425
2017-10-25,74.63959
2017-10-26,74.754166
2017-10-27,71.285416
2017-10-28,71.45937
2017-10-29,71.657295
2017-10-30,71.56146
2017-10-31,69.03021
2017-11-01,65.887505
2017-11-02,66.390625
2017-11-03,64.63646
2017-11-04,63.54375
2017-11-05,66.99062
2017-11-06,67.50938
2017-11-07,57.077084
2017-11-08,51.170834
2017-11-09,79.54479
2017-11-10,73.441666
2017-11-11,61.288544
2017-11-12,53.125
2017-11-13,69.27292
2017-11-14,66.546875
2017-11-15,50.635418
2017-11-16,66.9625
2017-11-17,74.57917
2017-11-18,47.89479
2017-11-19,78.03021
2017-11-20,75.094795
2017-11-21,75.0625
2017-11-22,75.87292
2017-11-23,75.722916
2017-11-24,75.464584
2017-11-25,66.63958
2017-11-26,69.00729
2017-11-27,70.55312
2017-11-28,62.4875
2017-11-29,56.066666
2017-11-30,57.120834
2017-12-01,68.29063
2017-12-02,60.884377
2017-12-03,65.05
2017-12-04,45.213634
2017-12-05,53.550003
2017-12-06,53.85
2017-12-07,54.15
2017-12-08,54.3
2017-12-09,54.4
2017-12-10,54.5
2017-12-11,54.6
2017-12-12,54.6
2017-12-13,54.25
2017-12-14,53.75
2017-12-15,53.55
2017-12-16,53.45
2017-12-17,53.0
2017-12-18,52.3
2017-12-19,51.6
2017-12-20,50.949997
2017-12-21,50.449997
2017-12-22,49.9
2017-12-23,49.4
2017-12-24,48.7
2017-12-25,47.85
2017-12-26,47.4
2017-12-27,47.0
2017-12-28,46.5
2017-12-29,46.1
2017-12-30,45.6
2017-12-31,45.199997
2018-01-01,44.800003
2018-01-02,44.4
2018-01-03,44.0
2018-01-04,43.6
2018-01-05,43.3
2018-01-06,43.2
2018-01-07,43.15
2018-01-08,43.05
2018-01-09,43.0
2018-01-10,42.9
2018-01-11,42.9
2018-01-12,42.9
2018-01-13,42.9
2018-01-14,42.9
2018-01-15,42.9
2018-01-16,42.95
2018-01-17,42.85
2018-01-18,42.65
2018-01-19,42.45
2018-01-20,42.25
2018-01-21,42.1
2018-01-22,42.2
2018-01-23,42.3
2018-01-24,42.35
2018-01-25,41.85
2018-01-26,41.75
2018-01-27,41.45
2018-01-28,41.550003
2018-01-29,42.2
2018-01-30,43.0
2018-01-31,43.0
2018-02-01,43.05
2018-02-02,42.45
2018-02-03,42.15
2018-02-04,42.25
2018-02-05,42.05
2018-02-06,41.6
2018-02-07,41.15
2018-02-08,41.550003
2018-02-09,42.25
2018-02-10,42.3
2018-02-11,41.1
2018-02-12,38.45
2018-02-13,38.35
2018-02-14,37.85
2018-02-15,37.3
2018-02-16,35.9
2018-02-17,36.199997
2018-02-18,36.6
2018-02-19,36.25
2018-02-20,35.05
2018-02-21,35.0
2018-02-22,35.0
2018-02-23,35.0
2018-02-24,35.0
2018-02-25,35.05
2018-02-26,36.15
2018-02-27,37.65
2018-02-28,38.85
2018-03-01,39.9
2018-03-02,40.95
2018-03-03,41.3
2018-03-04,41.45
2018-03-05,40.6
2018-03-06,40.0
2018-03-07,41.35
2018-03-08,42.75
2018-03-09,43.55
2018-03-10,43.699997
2018-03-11,43.6
2018-03-12,43.449997
2018-03-13,42.8
2018-03-14,42.050003
2018-03-15,41.3
2018-03-16,44.685715
2018-03-17,46.915627
2018-03-18,44.04271
2018-03-19,45.6125
2018-03-20,43.366665
2018-03-21,49.651043
2018-03-22,50.71875
2018-03-23,74.964584
2018-03-24,59.59479
2018-03-25,60.052082
2018-03-26,53.853127
2018-03-27,48.077084
2018-03-28,54.73125
2018-03-29,48.017708
2018-03-30,50.38646
2018-03-31,55.54375
2018-04-01,64.76666
2018-04-02,74.47188
2018-04-03,60.95625
2018-04-04,65.79375
2018-04-05,62.810417
2018-04-06,68.9125
2018-04-07,76.57396
2018-04-08,111.092705
2018-04-09,92.06979
2018-04-10,88.58437
2018-04-11,99.2
2018-04-12,135.53125
2018-04-13,99.72813
2018-04-14,92.09479
2018-04-15,99.938545
2018-04-16,96.84375
2018-04-17,113.854164
2018-04-18,86.777084
2018-04-19,100.17917
2018-04-20,94.10313
2018-04-21,90.979164
2018-04-22,138.88542
2018-04-23,197.61458
2018-04-24,216.6875
2018-04-25,235.34375
2018-04-26,285.77084
2018-04-27,370.53125
2018-04-28,499.83334
2018-04-29,612.1458
2018-04-30,499.96875
2018-05-01,353.58334
2018-05-02,293.96875
2018-05-03,260.8021
2018-05-04,236.91667
2018-05-05,266.4479
2018-05-06,326.72916
2018-05-07,559.9167
2018-05-08,739.7292
2018-05-09,891.0417
2018-05-10,997.3958
2018-05-11,988.28125
2018-05-12,906.82294
2018-05-13,709.21875
2018-05-14,569.80206
2018-05-15,542.625
2018-05-16,597.5833
2018-05-17,771.6667
2018-05-18,827.0833
2018-05-19,674.6042
2018-05-20,677.94794
2018-05-21,694.9792
2018-05-22,768.67706
2018-05-23,784.2917
2018-05-24,749.03125
2018-05-25,894.44794
2018-05-26,1073.1875
2018-05-27,999.4792
2018-05-28,927.84375
2018-05-29,813.48956
2018-05-30,744.80206
2018-05-31,839.8958
2018-06-01,891.61456
2018-06-02,744.7292
2018-06-03,745.8333
2018-06-04,760.36456
2018-06-05,771.09375
2018-06-06,767.2292
2018-06-07,650.4375
2018-06-08,594.19794
2018-06-09,575.1458
2018-06-10,548.82294
2018-06-11,477.2396
2018-06-12,388.125
2018-06-13,356.8021
2018-06-14,341.75
2018-06-15,328.21875
2018-06-16,305.45834
2018-06-17,292.3021
2018-06-18,302.89584
2018-06-19,257.83334
2018-06-20,227.38542
2018-06-21,208.59375
2018-06-22,192.84375
2018-06-23,178.27083
2018-06-24,165.92708
2018-06-25,160.97917
2018-06-26,170.55208
2018-06-27,161.11458
2018-06-28,155.0
2018-06-29,148.73958
2018-06-30,145.01042
2018-07-01,132.19792
2018-07-02,169.08333
2018-07-03,209.75
2018-07-04,207.71875
2018-07-05,203.4375
2018-07-06,200.78125
2018-07-07,195.75
2018-07-08,192.03125
2018-07-09,133.97188
2018-07-10,148.94792
2018-07-11,136.02083
2018-07-12,150.17708
2018-07-13,133.64583
2018-07-14,127.104164
2018-07-15,126.510414
2018-07-16,116.5
2018-07-17,118.885414
2018-07-18,109.739586
2018-07-19,97.26667
2018-07-20,93.32709
2018-07-21,93.65625
2018-07-22,89.84062
2018-07-23,102.61562
2018-07-24,88.73333
2018-07-25,83.86146
2018-07-26,82.56146
2018-07-27,78.04896
2018-07-28,75.83125
2018-07-29,73.206245
2018-07-30,71.456245
2018-07-31,69.24479
2018-08-01,68.785416
2018-08-02,70.123955
2018-08-03,70.66563
2018-08-04,63.25
2018-08-05,62.463543
2018-08-06,59.421875
2018-08-07,57.58646
2018-08-08,55.947918
2018-08-09,54.736458
2018-08-10,53.45625
2018-08-11,53.058334
2018-08-12,53.064583
2018-08-13,53.165627
2018-08-14,55.80104
2018-08-15,57.75625
2018-08-16,57.603127
2018-08-17,64.11354
2018-08-18,65.09479
2018-08-19,63.291664
2018-08-20,58.067707
2018-08-21,57.35625
2018-08-22,68.98333
2018-08-23,119.20521
2018-08-24,84.04063
2018-08-25,72.09688
2018-08-26,66.23646
2018-08-27,62.316666
2018-08-28,61.70625
2018-08-29,59.975
2018-08-30,57.92604
2018-08-31,55.272915
2018-09-01,54.8
2018-09-02,55.12604
2018-09-03,54.297916
2018-09-04,52.962498
2018-09-05,51.510418
2018-09-06,52.22708
2018-09-07,52.191666
2018-09-08,52.190624
2018-09-09,51.125
2018-09-10,48.7375
2018-09-11,47.651043
2018-09-12,45.775
2018-09-13,44.801044
2018-09-14,44.516666
2018-09-15,44.026043
2018-09-16,43.096874
2018-09-17,43.3
2018-09-18,43.88646
2018-09-19,43.177086
2018-09-20,43.79271
2018-09-21,41.797916
2018-09-22,37.91042
2018-09-23,37.014584
2018-09-24,38.16042
2018-09-25,37.19167
2018-09-26,36.9625
2018-09-27,37.233334
2018-09-28,37.077084
2018-09-29,37.207294
2018-09-30,36.702084
2018-10-01,35.4
2018-10-02,36.775
2018-10-03,57.651043
2018-10-04,66.47708
2018-10-05,104.01666
2018-10-06,80.41563
2018-10-07,66.03021
2018-10-08,61.419792
2018-10-09,56.794792
2018-10-10,57.892708
2018-10-11,58.766666
2018-10-12,58.04375
2018-10-13,56.696877
2018-10-14,57.117706
2018-10-15,45.80625
2018-10-16,50.34271
2018-10-17,53.397915
2018-10-18,53.628124
2018-10-19,51.911457
2018-10-20,50.326042
2018-10-21,50.721874
2018-10-22,51.53958
2018-10-23,60.43125
2018-10-24,62.40625
2018-10-25,57.898956
2018-10-26,57.505207
2018-10-27,54.108334
2018-10-28,54.579166
2018-10-29,53.827084
2018-10-30,52.00833
2018-10-31,41.954166
2018-11-01,51.446877
2018-11-02,53.47708
2018-11-03,55.056248
2018-11-04,49.471874
2018-11-05,50.21875
2018-11-06,47.254166
2018-11-07,42.388542
2018-11-08,40.25104
2018-11-09,37.28125
2018-11-10,45.81875
2018-11-11,40.67917
2018-11-12,44.35
2018-11-13,43.93854
2018-11-14,48.104168
2018-11-15,44.941666
2018-11-16,42.93125
2018-11-17,43.70842
2018-11-18,40.558334
2018-11-19,51.00833
2018-11-20,55.37604
2018-11-21,48.189583
2018-11-22,39.628124
2018-11-23,37.940624
2018-11-24,39.955208
2018-11-25,37.26154
2018-11-26,31.45
2018-11-27,28.95
2018-11-28,31.199999
2018-11-29,38.85
2018-11-30,40.449997
2018-12-01,37.6
2018-12-02,35.05
2018-12-03,33.65
2018-12-04,30.55
2018-12-05,26.849998
2018-12-06,24.3
2018-12-07,25.95
2018-12-08,43.35
2018-12-09,44.95
2018-12-10,39.25
2018-12-11,37.699997
2018-12-12,36.949997
2018-12-13,39.550003
2018-12-14,39.9
2018-12-15,35.9
2018-12-16,31.45
2018-12-17,29.2
2018-12-18,29.2
2018-12-19,29.3
2018-12-20,29.099998
2018-12-21,29.4
2018-12-22,29.400002
2018-12-23,31.3
2018-12-24,32.5
2018-12-25,31.3
2018-12-26,30.400002
2018-12-27,28.7
2018-12-28,27.099998
2018-12-29,26.8
2018-12-30,26.9
2018-12-31,26.45
2019-01-01,26.35
2019-01-02,27.099998
2019-01-03,28.85
2019-01-04,32.25
2019-01-05,34.85
2019-01-06,37.1
2019-01-07,37.55
2019-01-08,36.65
2019-01-09,35.65
2019-01-10,34.65
2019-01-11,33.7
2019-01-12,32.65
2019-01-13,30.2
2019-01-14,29.45
2019-01-15,30.85
2019-01-16,34.3
2019-01-17,33.949997
2019-01-18,31.099998
2019-01-19,32.7
2019-01-20,35.85
2019-01-21,36.85
2019-01-22,35.9
2019-01-23,35.85
2019-01-24,36.85
2019-01-25,37.45
2019-01-26,36.4
2019-01-27,35.3
2019-01-28,33.35
2019-01-29,31.45
2019-01-30,30.9
2019-01-31,29.900002
2019-02-01,30.5
2019-02-02,32.9
2019-02-03,35.199997
2019-02-04,36.05
2019-02-05,35.949997
2019-02-06,36.2
2019-02-07,35.6
2019-02-08,34.45
2019-02-09,33.65
2019-02-10,34.0
2019-02-11,36.4
2019-02-12,38.0
2019-02-13,39.800003
2019-02-14,38.3
2019-02-15,35.9
2019-02-16,34.0
2019-02-17,33.8
2019-02-18,33.95
2019-02-19,31.949999
2019-02-20,29.35
2019-02-21,30.75
2019-02-22,33.699997
2019-02-23,37.75
2019-02-24,40.25
2019-02-25,42.15
2019-02-26,43.699997
2019-02-27,44.0
2019-02-28,42.699997
2019-03-01,39.5
2019-03-02,36.550003
2019-03-03,34.25
2019-03-04,34.25
2019-03-05,36.05
2019-03-06,39.7
2019-03-07,40.85
2019-03-08,40.4
2019-03-09,39.15
2019-03-10,39.2
2019-03-11,41.6
2019-03-12,43.6
2019-03-13,45.75
2019-03-14,46.050003
2019-03-15,43.8
2019-03-16,43.35
2019-03-17,43.85
2019-03-18,42.699997
2019-03-19,38.4
2019-03-20,35.949997
2019-03-21,34.2
2019-03-22,33.449997
2019-03-23,35.1
2019-03-24,35.699997
2019-03-25,33.5
2019-03-26,33.4
2019-03-27,34.95
2019-03-28,35.0
2019-03-29,33.75
2019-03-30,30.599998
2019-03-31,28.6
2019-04-01,30.45
2019-04-02,47.12
2019-04-03,49.316666
2019-04-04,51.64896
2019-04-05,59.691666
2019-04-06,65.68958
2019-04-07,64.39896
2019-04-08,73.425
2019-04-09,89.0375
2019-04-10,81.657295
2019-04-11,58.672916
2019-04-12,74.842705
2019-04-13,77.808334
2019-04-14,73.08437
2019-04-15,78.6625
2019-04-16,77.24375
2019-04-17,71.15625
2019-04-18,78.941666
2019-04-19,96.45417
2019-04-20,133.36458
2019-04-21,161.28125
2019-04-22,161.29167
2019-04-23,168.01042
2019-04-24,206.46875
2019-04-25,261.71875
2019-04-26,339.1771
2019-04-27,462.39584
2019-04-28,521.01044
2019-04-29,505.0104
2019-04-30,413.90625
2019-05-01,320.0625
2019-05-02,263.1875
2019-05-03,248.84375
2019-05-04,266.33334
2019-05-05,310.9479
2019-05-06,401.9479
2019-05-07,485.4375
2019-05-08,437.75
2019-05-09,416.4896
2019-05-10,332.77084
2019-05-11,359.40625
2019-05-12,435.5
2019-05-13,666.63544
2019-05-14,846.0625
2019-05-15,977.9792
2019-05-16,1163.4375
2019-05-17,1255.3125
2019-05-18,933.09375
2019-05-19,757.375
2019-05-20,672.5208
2019-05-21,578.0417
2019-05-22,528.5833
2019-05-23,488.60416
2019-05-24,438.09375
2019-05-25,441.52084
2019-05-26,481.60416
2019-05-27,494.90625
2019-05-28,517.2708
2019-05-29,484.29166
2019-05-30,536.5625
2019-05-31,610.80206
2019-06-01,745.57294
2019-06-02,874.40625
2019-06-03,1044.6354
2019-06-04,1108.9584
2019-06-05,1201.4584
2019-06-06,1403.9584
2019-06-07,1755.7291
2019-06-08,2119.7937
2019-06-09,1431.4584
2019-06-10,1321.1459
2019-06-11,1391.4584
2019-06-12,1500.7291
2019-06-13,1559.4791
2019-06-14,1823.9584
2019-06-15,1698.125
2019-06-16,1703.75
2019-06-17,1546.9791
2019-06-18,1372.1875
2019-06-19,1423.75
2019-06-20,1519.4791
2019-06-21,1482.1875
2019-06-22,1235.9375
2019-06-23,1011.8125
2019-06-24,890.26044
2019-06-25,933.63544
2019-06-26,996.7292
2019-06-27,1029.5209
2019-06-28,1052.1459
2019-06-29,1039.5521
2019-06-30,1050.375
2019-07-01,1123.875
2019-07-02,1011.11456
2019-07-03,944.9375
2019-07-04,866.86456
2019-07-05,768.3542
2019-07-06,715.625
2019-07-07,657.46875
2019-07-08,620.01044
2019-07-09,555.4583
2019-07-10,514.5
2019-07-11,486.9479
2019-07-12,455.625
2019-07-13,444.21875
2019-07-14,477.79166
2019-07-15,410.5625
2019-07-16,366.1354
2019-07-17,324.3021
2019-07-18,288.34375
2019-07-19,264.03125
2019-07-20,248.25
2019-07-21,231.88542
2019-07-22,223.65625
2019-07-23,217.80208
2019-07-24,208.6875
2019-07-25,204.78125
2019-07-26,193.625
2019-07-27,229.5625
2019-07-28,192.89583
2019-07-29,174.67708
2019-07-30,176.36458
2019-07-31,165.67708
2019-08-01,198.41667
2019-08-02,177.27083
2019-08-03,168.35417
2019-08-04,183.15625
2019-08-05,182.07292
2019-08-06,167.78125
2019-08-07,148.17708
2019-08-08,153.41667
2019-08-09,151.41667
2019-08-10,132.78125
2019-08-11,125.947914
2019-08-12,113.270836
2019-08-13,121.8125
2019-08-14,117.46875
2019-08-15,111.8125
2019-08-16,107.427086
2019-08-17,103.270836
2019-08-18,99.469795
2019-08-19,95.64375
2019-08-20,90.53646
2019-08-21,87.23125
2019-08-22,85.802086
2019-08-23,82.84737
2019-08-24,84.4375
2019-08-25,82.35104
2019-08-26,79.936455
2019-08-27,78.78021
2019-08-28,78.06562
2019-08-29,83.84895
2019-08-30,89.74792
2019-08-31,89.39167
2019-09-01,85.675
2019-09-02,82.20104
2019-09-03,81.0625
2019-09-04,82.140625
2019-09-05,79.77917
2019-09-06,94.527084
2019-09-07,92.11562
2019-09-08,91.870834
2019-09-09,190.88542
2019-09-10,173.52083
2019-09-11,205.26042
2019-09-12,202.29167
2019-09-13,172.89583
2019-09-14,163.83333
2019-09-15,156.88542
2019-09-16,89.77812
2019-09-17,77.50938
2019-09-18,81.87292
2019-09-19,72.816666
2019-09-20,66.94583
2019-09-21,68.58333
2019-09-22,68.19375
2019-09-23,66.58542
2019-09-24,64.359375
2019-09-25,63.521873
2019-09-26,63.68125
2019-09-27,62.447918
2019-09-28,71.89375
2019-09-29,97.0875
2019-09-30,94.145836
2019-10-01,75.24687
2019-10-02,71.40937
2019-10-03,69.86562
2019-10-04,66.84167
2019-10-05,64.98542
2019-10-06,66.34688
2019-10-07,65.38646
2019-10-08,66.31875
2019-10-09,63.501045
2019-10-10,62.654167
2019-10-11,53.18854
2019-10-12,61.171875
2019-10-13,63.147915
2019-10-14,64.203125
2019-10-15,60.027084
2019-10-16,61.770832
2019-10-17,60.536457
2019-10-18,62.310417
2019-10-19,59.322914
2019-10-20,62.22708
2019-10-21,63.620834
2019-10-22,67.4375
2019-10-23,67.59375
2019-10-24,52.618748
2019-10-25,65.296875
2019-10-26,68.21146
2019-10-27,67.82188
2019-10-28,44.808334
2019-10-29,57.9
2019-10-30,53.087498
2019-10-31,65.08646
2019-11-01,60.173958
2019-11-02,53.03229
2019-11-03,53.21875
2019-11-04,50.877083
2019-11-05,46.415627
2019-11-06,47.775
2019-11-07,50.83646
2019-11-08,50.09271
2019-11-09,50.64479
2019-11-10,50.036457
2019-11-11,53.09375
2019-11-12,39.53854
2019-11-13,54.38229
2019-11-14,42.778126
2019-11-15,49.620834
2019-11-16,48.253124
2019-11-17,41.516666
2019-11-18,52.327084
2019-11-19,44.91354
2019-11-20,49.984375
2019-11-21,48.017708
2019-11-22,37.834373
2019-11-23,39.83125
2019-11-24,43.604168
2019-11-25,46.662502
2019-11-26,36.128124
2019-11-27,38.46
2019-11-28,42.449997
2019-11-29,43.1
2019-11-30,43.05
2019-12-01,39.0
2019-12-02,41.449997
2019-12-03,38.89592
2019-12-04,36.952084
2019-12-05,33.111458
2019-12-06,32.720833
2019-12-07,36.695835
2019-12-08,36.016666
2019-12-09,34.75417
2019-12-10,34.13061
2019-12-11,29.8
2019-12-12,31.599998
2019-12-13,32.586956
2019-12-14,34.47292
2019-12-15,33.545002
2019-12-16,34.7
2019-12-17,36.3
2019-12-18,38.3
2019-12-19,40.45
2019-12-20,42.449997
2019-12-21,42.8
2019-12-22,42.8
2019-12-23,42.8
2019-12-24,42.8
2019-12-25,43.2
2019-12-26,43.7
2019-12-27,42.5
2019-12-28,40.199997
2019-12-29,38.65
2019-12-30,39.25
2019-12-31,40.75
